antecedents,consequents,support,confidence,lift
과일,과일채소,0.013328028645315298,0.135,1.691288074580026
과일채소,과일,0.013328028645315298,0.1669743400406129,1.691288074580026
열매채소,과일채소,0.019664183777969337,0.1348524656426839,1.6894397553272886
과일채소,열매채소,0.019664183777969337,0.2463540705187373,1.6894397553272886
육가공,식사대용,0.010233627301460999,0.09665970772442588,1.6430213487449719
식사대용,육가공,0.010233627301460999,0.1739511584220413,1.6430213487449719
잎/줄기채소,쌈채소류,0.02288383470002726,0.10662913247965945,1.6073595648969012
쌈채소류,잎/줄기채소,0.02288383470002726,0.3449577965348734,1.6073595648969012
뿌리채소,양념채소,0.024173168593299883,0.22833878488412554,1.5654995672848147
양념채소,뿌리채소,0.024173168593299883,0.16573218164368336,1.5654995672848144
양념채소,"알, 잎/줄기채소",0.010793566592253683,0.07400111127948679,1.5332158193945142
과자,음료,0.03098085154977934,0.21315962893496224,1.5315199447204217
음료,과자,0.03098085154977934,0.22259276904345984,1.5315199447204217
식사대용,밀가공,0.010660949391802784,0.1812147777082029,1.4989396406579725
밀가공,식사대용,0.010660949391802784,0.08818331403498081,1.4989396406579725
쌈채소류,열매채소,0.014499480582631567,0.21856952465570856,1.4988997075583401
열매채소,쌈채소류,0.014499480582631567,0.0994341147938561,1.4988997075583401
식사대용,과자,0.012561795931598995,0.21352536005009393,1.4691328430191717
과자,식사대용,0.012561795931598995,0.08642976631013331,1.4691328430191715
잎/줄기채소,"두부/유부, 열매채소",0.012038694752042674,0.056095300216279315,1.458853995603636
열매채소,"두부/유부, 잎/줄기채소",0.012038694752042674,0.08255860953920777,1.4490621381284277
식사대용,음료,0.011802930840129965,0.20062617407639324,1.4414689524755055
음료,식사대용,0.011802930840129965,0.08480228680323963,1.4414689524755055
버섯,잎/줄기채소,0.026722365890856043,0.30747711088504576,1.4327151904739737
잎/줄기채소,버섯,0.026722365890856043,0.12451508805657592,1.4327151904739737
양념채소,"두부/유부, 잎/줄기채소",0.011869239440355414,0.08137596605546295,1.42830447390947
잎/줄기채소,"두부/유부, 양념채소",0.011869239440355414,0.05530570908716399,1.415803204204391
과일채소,잎/줄기채소,0.02423210957127806,0.303581318072734,1.414562419605689
잎/줄기채소,과일채소,0.02423210957127806,0.11291153146348999,1.414562419605689
잎/줄기채소,뿌리채소,0.032071259642375616,0.1494387036973463,1.4115920254810437
뿌리채소,잎/줄기채소,0.032071259642375616,0.30294383742779596,1.4115920254810437
잎/줄기채소,열매채소,0.04415416012790192,0.20573998420817743,1.4109176594882638
열매채소,잎/줄기채소,0.04415416012790192,0.3027991107518189,1.4109176594882635
잎/줄기채소,"알, 양념채소",0.010793566592253683,0.05029352191973635,1.4002644998243887
뿌리채소,버섯,0.012863868443737153,0.12151158744519452,1.3981558369234324
버섯,뿌리채소,0.012863868443737153,0.14801627670396744,1.3981558369234321
육가공,밀가공,0.017770704860420396,0.16784968684759916,1.388388698039965
밀가공,육가공,0.017770704860420396,0.14699250411359618,1.388388698039965
음료,유제품,0.02411422761532171,0.17325710655867874,1.3617472821879035
유제품,음료,0.02411422761532171,0.18953037234350573,1.3617472821879035
밑반찬,육가공,0.011825033706871782,0.14416599299380223,1.3616914448890594
육가공,밑반찬,0.011825033706871782,0.1116910229645094,1.3616914448890594
버섯,양념채소,0.01723286843636953,0.19828755510342488,1.3594671701082364
양념채소,버섯,0.01723286843636953,0.11814921452745364,1.3594671701082361
버섯,열매채소,0.01715919221389681,0.19743981010512038,1.3539969677525203
열매채소,버섯,0.01715919221389681,0.11767380759902991,1.3539969677525203
유제품,과일채소,0.013703777379926176,0.10770745266083734,1.3493654091012361
과일채소,유제품,0.013703777379926176,0.17168174266199002,1.349365409101236
빵,과자,0.022692276521598186,0.19601603767580986,1.3486622789932579
과자,빵,0.022692276521598186,0.15613119075378923,1.3486622789932579
과일,유제품,0.01691606067973683,0.17134328358208956,1.3467052253930993
유제품,과일,0.01691606067973683,0.13295500608025942,1.3467052253930993
빵,떡,0.013246984800595303,0.11442754407178769,1.3347487220109722
떡,빵,0.013246984800595303,0.15452045376418014,1.3347487220109722
잎/줄기채소,양념채소,0.04157549234135667,0.19372446702598783,1.3281824612299997
양념채소,잎/줄기채소,0.04157549234135667,0.285043188361873,1.3281824612299995
빵,유제품,0.019561037066507525,0.16896837013937505,1.3280391401150753
유제품,빵,0.019561037066507525,0.1537437025884533,1.3280391401150753
열매채소,과일,0.019052671131445747,0.13065885206143896,1.323447412794556
과일,열매채소,0.019052671131445747,0.19298507462686565,1.3234474127945557
밑반찬,음료,0.015103625606907882,0.18413724961825204,1.3229985047607713
음료,밑반찬,0.015103625606907882,0.10851728336244772,1.3229985047607713
밑반찬,과자,0.015759343986915104,0.19213150094314202,1.3219352406099114
과자,밑반찬,0.015759343986915104,0.10843007046180363,1.3219352406099114
쌈채소류,양념채소,0.0127459864877808,0.1921368280764105,1.3172975470012185
양념채소,쌈채소류,0.0127459864877808,0.08738697782492297,1.3172975470012183
가루,밀가공,0.010498861702362796,0.15914675005584097,1.31640131868665
밀가공,가루,0.010498861702362796,0.08684258638552014,1.31640131868665
두부/유부,콩나물,0.03723596283771338,0.1421819614021268,1.3035811563867379
콩나물,두부/유부,0.03723596283771338,0.3413942177789786,1.3035811563867379
열매채소,양념채소,0.027031806025241474,0.18537793047696038,1.27095828285636
양념채소,열매채소,0.027031806025241474,0.18533111077435974,1.2709582828563597
음료,육가공,0.01864745190784578,0.13397914350749032,1.2654735677890157
육가공,음료,0.01864745190784578,0.17613082811412664,1.2654735677890157
육가공,떡,0.01147138783900272,0.10835073068893529,1.2638652737778016
떡,육가공,0.01147138783900272,0.1338088690271571,1.2638652737778013
빵,육가공,0.015405698119046041,0.13307452427925923,1.2569291653374792
육가공,빵,0.015405698119046041,0.1455114822546973,1.256929165337479
밀가공,빵,0.01757177905974405,0.14534706563471267,1.2555089334648963
빵,밀가공,0.01757177905974405,0.1517851460574047,1.2555089334648963
밀가공,과자,0.022051293386085507,0.18239990249253457,1.254978271678878
과자,밀가공,0.022051293386085507,0.15172099153444515,1.2549782716788778
과일,버섯,0.010675684636297329,0.10813432835820896,1.2442323036394833
버섯,과일,0.010675684636297329,0.1228382502543235,1.2442323036394831
빵,음료,0.019980991534602036,0.172595939667791,1.2400759247879733
음료,빵,0.019980991534602036,0.1435604255994918,1.2400759247879733
과일채소,양념채소,0.01437423100442794,0.1800812257707218,1.234643869911315
양념채소,과일채소,0.01437423100442794,0.09855028539677728,1.2346438699113147
돼지,양념채소,0.01133877063855182,0.1799789498304292,1.2339426620970007
양념채소,돼지,0.01133877063855182,0.07773905137141991,1.2339426620970007
콩나물,버섯,0.011677681261926339,0.10706565793028912,1.2319357990183293
버섯,콩나물,0.011677681261926339,0.13436758223126483,1.231935799018329
밑반찬,밀가공,0.01220078244148266,0.14874696847210994,1.2303782853160468
밀가공,밑반찬,0.01220078244148266,0.10092022670485709,1.2303782853160468
밀가공,떡,0.012731251243286255,0.10530806264854653,1.2283738428347002
떡,밀가공,0.012731251243286255,0.14850464077002407,1.2283738428347002
떡,과일,0.010380979746406442,0.12108972155379856,1.2265214042369794
과일,떡,0.010380979746406442,0.10514925373134329,1.2265214042369794
콩나물,뿌리채소,0.013946908914086157,0.12787084571737367,1.207862900575782
뿌리채소,콩나물,0.013946908914086157,0.13174194446377618,1.207862900575782
과자,유제품,0.02222074869777277,0.15288690627059362,1.2016438068910418
유제품,과자,0.02222074869777277,0.17464821356187388,1.2016438068910418
과일채소,뿌리채소,0.010152583456741006,0.12719217278936681,1.2014521832088503
뿌리채소,과일채소,0.010152583456741006,0.09590089776602408,1.20145218320885
소,양념채소,0.010101010101010102,0.17478327383987763,1.1983209059459894
양념채소,소,0.010101010101010102,0.06925291710865283,1.1983209059459894
잎/줄기채소,과일,0.02533725290836888,0.11806103882728552,1.1958437864916893
과일,잎/줄기채소,0.02533725290836888,0.25664179104477614,1.1958437864916893
뿌리채소,열매채소,0.01844115848492216,0.1741944463776185,1.1945855907633276
열매채소,뿌리채소,0.01844115848492216,0.126465238480194,1.1945855907633274
과자,떡,0.014867861694995174,0.1022963451107619,1.19324343636461
떡,과자,0.014867861694995174,0.17342729460295633,1.1932434363646098
밀가공,음료,0.02006203537932203,0.1659455177036992,1.1922936410145248
음료,밀가공,0.02006203537932203,0.14414271346143664,1.1922936410145246
알,"두부/유부, 양념채소",0.01082303708124277,0.04652120214079868,1.1909234714010684
과일,양념채소,0.017085515991424088,0.17305970149253733,1.186504027068778
양념채소,과일,0.017085515991424088,0.1171389604485528,1.1865040270687779
과일,뿌리채소,0.012392340619911736,0.1255223880597015,1.1856794633555032
뿌리채소,과일,0.012392340619911736,0.1170575544575127,1.1856794633555032
빵,과일,0.01347538109026074,0.11640043276268058,1.1790234580929757
과일,빵,0.01347538109026074,0.13649253731343283,1.1790234580929757
육가공,과자,0.0179548954166022,0.169589422407794,1.1668374671256385
과자,육가공,0.0179548954166022,0.12353627008668322,1.1668374671256385
두부/유부,어묵/묵,0.018640084285598508,0.07117537838294041,1.1660305289726156
어묵/묵,두부/유부,0.018640084285598508,0.30537115268557635,1.1660305289726156
양념채소,냉동수산,0.011677681261926339,0.08006263575289185,1.1562908584916214
냉동수산,양념채소,0.011677681261926339,0.1686529048733773,1.1562908584916214
잎/줄기채소,소,0.014322657648697036,0.06673761543479008,1.1547972724819764
소,잎/줄기채소,0.014322657648697036,0.24783273839877612,1.1547972724819762
유제품,밀가공,0.017755969615925852,0.1395564305981817,1.1543576554732529
밀가공,유제품,0.017755969615925852,0.14687061978182703,1.1543576554732526
두부/유부,"알, 양념채소",0.01082303708124277,0.04132673155910651,1.150612502109942
떡,음료,0.013696409757678904,0.159762805087659,1.147871778717001
음료,떡,0.013696409757678904,0.0984066486686782,1.147871778717001
콩나물,잎/줄기채소,0.026832880224565127,0.24601459065117537,1.1463254617217682
잎/줄기채소,콩나물,0.026832880224565127,0.1250300387929555,1.1463254617217682
빵,과일채소,0.010587273169330062,0.0914529370584866,1.1457278654247118
과일채소,빵,0.010587273169330062,0.13263799150821487,1.1457278654247118
밑반찬,유제품,0.011942915662828136,0.14560316177131052,1.1443958274398174
유제품,밑반찬,0.011942915662828136,0.09386762406624588,1.1443958274398174
콩나물,양념채소,0.018183291706267635,0.16671169954066467,1.1429818794238962
양념채소,콩나물,0.018183291706267635,0.12466535333636408,1.1429818794238962
잎/줄기채소,어묵/묵,0.014963640784209711,0.06972432970579148,1.142258726208494
어묵/묵,잎/줄기채소,0.014963640784209711,0.24514182257091127,1.1422587262084938
두부/유부,버섯,0.025970868421634288,0.09916727620548023,1.1410541905810128
버섯,두부/유부,0.025970868421634288,0.29883011190233977,1.1410541905810125
양념채소,"두부/유부, 알",0.01082303708124277,0.07420316209526695,1.1350750578190565
과자,가루,0.010881978059220948,0.07487200283874892,1.1349455074045738
가루,과자,0.010881978059220948,0.16495421040875588,1.1349455074045738
두부/유부,"알, 잎/줄기채소",0.014307922404202492,0.054633432735047546,1.131940343717794
육가공,유제품,0.01519940469612242,0.14356297842727905,1.1283606172306537
유제품,육가공,0.01519940469612242,0.11946262088134807,1.1283606172306535
가루,양념채소,0.010800934214500953,0.1637257091802546,1.1225098136751417
양념채소,가루,0.010800934214500953,0.07405162398343183,1.1225098136751417
유제품,떡,0.012215517685977204,0.09601019167293995,1.1199181252643922
떡,유제품,0.012215517685977204,0.142488827775868,1.1199181252643922
닭/오리,잎/줄기채소,0.012038694752042674,0.2395543175487465,1.1162232814917716
잎/줄기채소,닭/오리,0.012038694752042674,0.056095300216279315,1.1162232814917716
돼지,잎/줄기채소,0.015088890362413338,0.2395041515612209,1.1159895288974202
잎/줄기채소,돼지,0.015088890362413338,0.07030794054035497,1.1159895288974202
알,"양념채소, 잎/줄기채소",0.010793566592253683,0.046394527662539195,1.1159104811463376
빵,밑반찬,0.01057990554708279,0.09138929548781263,1.1141810551751838
밑반찬,빵,0.01057990554708279,0.12898589778137068,1.1141810551751836
열매채소,돼지,0.01009364247876283,0.06921988682295878,1.0987189824106387
돼지,열매채소,0.01009364247876283,0.1602151795111683,1.0987189824106387
버섯,유제품,0.012127106219009939,0.13953882672092235,1.096732029185481
유제품,버섯,0.012127106219009939,0.09531530488157972,1.096732029185481
음료,냉동수산,0.010506229324610069,0.07548568101212218,1.0901889761751788
냉동수산,음료,0.010506229324610069,0.15173441157693124,1.0901889761751786
두부/유부,"양념채소, 잎/줄기채소",0.011869239440355414,0.04532155516795139,1.090102669039673
알,"두부/유부, 잎/줄기채소",0.014307922404202492,0.061500459194983696,1.0794511607495076
열매채소,유제품,0.019936785801118406,0.13672190784155216,1.0745919178543073
유제품,열매채소,0.019936785801118406,0.15669697145173433,1.0745919178543073
알,두부/유부,0.06537291220004568,0.28099566139911963,1.0729550477139793
두부/유부,알,0.06537291220004568,0.24962021043155347,1.0729550477139793
두부/유부,돼지,0.017697028637947674,0.0675744106228549,1.0726005355431496
돼지,두부/유부,0.017697028637947674,0.28090281838381476,1.0726005355431496
해조,잎/줄기채소,0.015449903852529673,0.2299594253755894,1.071515082797328
잎/줄기채소,해조,0.015449903852529673,0.07199011294586151,1.071515082797328
냉동수산,잎/줄기채소,0.015899328809613273,0.22962332411151307,1.0699489909825795
잎/줄기채소,냉동수산,0.015899328809613273,0.0740842459404717,1.0699489909825795
과자,과일,0.015258345674100598,0.10498301819840827,1.0633761251531162
과일,과자,0.015258345674100598,0.15455223880597016,1.0633761251531162
버섯,밀가공,0.011139844837875473,0.12817904374364192,1.0602482435420058
밀가공,버섯,0.011139844837875473,0.09214455481747821,1.0602482435420058
양념채소,알,0.035917158455451674,0.24624943173208064,1.058466260872267
알,양념채소,0.035917158455451674,0.15438452037875672,1.058466260872267
과일채소,밀가공,0.01019678919022464,0.12774598486247002,1.0566661453713324
밀가공,과일채소,0.01019678919022464,0.08434395758425255,1.0566661453713322
열매채소,밀가공,0.018581143307620333,0.12742522231204528,1.0540129196899015
밀가공,열매채소,0.018581143307620333,0.1536961423608995,1.0540129196899015
밀가공,과일,0.012539693064857178,0.10372356633554755,1.050619099638622
과일,밀가공,0.012539693064857178,0.12701492537313433,1.050619099638622
잎/줄기채소,소스/기타양념,0.010388347368653714,0.04840536921967799,1.048350464148344
소스/기타양념,잎/줄기채소,0.010388347368653714,0.22498803255146002,1.048350464148344
기름/식초,알,0.010425185479890076,0.24321072533516674,1.0454048370338174
알,기름/식초,0.010425185479890076,0.04481109668429554,1.0454048370338174
어묵/묵,알,0.014845758828253357,0.2432106216053108,1.0454043911665842
알,어묵/묵,0.014845758828253357,0.06381226842321944,1.0454043911665842
돼지,알,0.015317286652078774,0.24312945854286047,1.0450555239118318
알,돼지,0.015317286652078774,0.06583906007537131,1.0450555239118318
과자,냉동수산,0.010506229324610069,0.07228671364120241,1.0439884396474528
냉동수산,과자,0.010506229324610069,0.15173441157693124,1.0439884396474528
냉동수산,열매채소,0.01051359694685734,0.1518408171951479,1.0412895249131078
열매채소,냉동수산,0.01051359694685734,0.07209983831851254,1.0412895249131078
두부/유부,"열매채소, 잎/줄기채소",0.012038694752042674,0.04596860406234175,1.0410933857463014
건어물,잎/줄기채소,0.012591266420588084,0.2204876790091601,1.0273806922391533
잎/줄기채소,건어물,0.012591266420588084,0.058670053898177074,1.027380692239153
열매채소,콩나물,0.016311915655460512,0.11186337914308811,1.0256082536957718
콩나물,열매채소,0.016311915655460512,0.1495541745474196,1.0256082536957718
닭/오리,알,0.011987121396311768,0.23852807506230755,1.0252771669294722
알,닭/오리,0.011987121396311768,0.05152484403204864,1.0252771669294722
냉동수산,두부/유부,0.018588510929867602,0.2684613747605873,1.025094073450733
두부/유부,냉동수산,0.018588510929867602,0.07097845045856073,1.025094073450733
뿌리채소,두부/유부,0.028387448518739547,0.2681467047115318,1.0238925359756794
두부/유부,뿌리채소,0.028387448518739547,0.10839475609069937,1.0238925359756792
양념채소,해조,0.01002733387853738,0.0687477900692024,1.0232557076765842
해조,양념채소,0.01002733387853738,0.14924882114266913,1.0232557076765842
두부/유부,양념채소,0.03906313315503687,0.14915883643729252,1.0226387690456775
양념채소,두부/유부,0.03906313315503687,0.2678183563166136,1.0226387690456773
알,밑반찬,0.01950209608852935,0.08382683598821929,1.0219826301845878
밑반찬,알,0.01950209608852935,0.23776160962903084,1.0219826301845878
알,유제품,0.030199883591568492,0.12980967159641513,1.0202638784011715
유제품,알,0.030199883591568492,0.23736174648213562,1.0202638784011713
잎/줄기채소,"두부/유부, 알",0.014307922404202492,0.06666895533660613,1.0198253847494887
멥쌀,알,0.011987121396311768,0.2370683374617514,1.0190027037193545
알,멥쌀,0.011987121396311768,0.05152484403204864,1.0190027037193545
알,콩나물,0.02577931024320521,0.11080849985749121,1.0159366979976645
콩나물,알,0.02577931024320521,0.23635503917860037,1.0159366979976645
잎/줄기채소,두부/유부,0.05697382283815544,0.2654742696282056,1.0136880983054835
두부/유부,잎/줄기채소,0.05697382283815544,0.21754909131829178,1.0136880983054835
두부/유부,쌈채소류,0.017601249548733138,0.06720868733472121,1.0131239363898685
쌈채소류,두부/유부,0.017601249548733138,0.2653265215459796,1.0131239363898683
빵,열매채소,0.017085515991424088,0.14758480239292307,1.0121027508078544
열매채소,빵,0.017085515991424088,0.11716855295068715,1.0121027508078544
소,알,0.013593263046217094,0.23521162672106066,1.0110219109865677
알,소,0.013593263046217094,0.058428603097190994,1.0110219109865677
밀가공,콩나물,0.013320661023068026,0.11018343591931258,1.0102058615166427
콩나물,밀가공,0.013320661023068026,0.12212915428262631,1.0102058615166425
과일,음료,0.013880600313860708,0.14059701492537313,1.0101684526391388
음료,과일,0.013880600313860708,0.0997300301730983,1.0101684526391388
열매채소,두부/유부,0.038451620508513286,0.2636924009700889,1.0068842033215888
두부/유부,열매채소,0.038451620508513286,0.14682383390536205,1.0068842033215888
해조,두부/유부,0.01768229339345313,0.26318675293343563,1.0049534346734452
두부/유부,해조,0.01768229339345313,0.06751814550160355,1.0049534346734452
알,과일,0.023068025256209063,0.09915444785761789,1.004338362184076
과일,알,0.023068025256209063,0.23365671641791044,1.004338362184076
과일채소,음료,0.011147212460122744,0.13965294443418866,1.0033854478380178
음료,과일채소,0.011147212460122744,0.08009104864750409,1.0033854478380175
과일채소,알,0.01857377568537306,0.23269337271552523,1.0001975737183877
알,과일채소,0.01857377568537306,0.07983658992304526,1.0001975737183875
